aging_time_min,diameter_nm
15,70.616
15,156.677
15,83.584
15,140.288
15,104.667
15,137.863
15,130.039
15,141.433
15,130.554
15,143.94
15,141.435
15,95.915
15,87.606
15,145.772
15,100.75
15,137.701
15,146.029
15,134.396
15,155.814
15,127.171
15,88.678
15,128.239
15,147.08
15,99.372
15,157.283
15,110.969
15,102.88
15,124.163
15,96.654
15,151.522
15,130.896
15,115.89
60,183.661
60,152.701
60,170.564
60,184.765
60,162.879
60,152.631
60,360.382
60,146.868
60,173.839
60,210.278
60,209.968
60,166.87
60,172.338
165,109.325
165,278.685
165,284.139
165,318.455
165,171.285
165,161.384
165,224.617
